,word,score,source
0,micro,0.278599221789883,20000
1,micro,0.278599221789883,all
